x,y,z
0.0,0.0,0.0
0.0,0.0,0.52471411693820946
0.16987451413102714,0.16842513023632236,0.46701234402087305
-0.14183223175634099,0.19263435073057519,0.46701234402087305
-0.23375078290979318,-0.050842369490744853,0.46701234402087305
-0.11780578266055883,-0.20819743662713011,0.46701234402087305
0.026321150424081889,-0.23776368958848096,0.46701234402087305
0.14941849710306651,-0.18681136948760796,0.46701234402087305
0.22332728491016518,-0.085728051774367195,0.46701234402087305
0.28574568933813826,0.07180059264531273,0.43418772487795992
0.22812869773606853,0.18644897787006351,0.43418772487795992
0.14329607767124627,0.25743379382587306,0.43418772487795992
0.045642885558601999,0.29107155662728418,0.43418772487795992
-0.05261661606334446,0.28989207611383333,0.43418772487795992
-0.14260290472415518,0.25781841602914923,0.43418772487795992
-0.21147896095524357,0.20514037426317747,0.43418772487795992
-0.25749200111893306,0.1431914572846904,0.43418772487795992
-0.28397118394028725,0.078525733177713844,0.43418772487795992
-0.29432786861879823,0.013305255873578829,0.43418772487795992
-0.29065125431042727,-0.048246994179132911,0.43418772487795992
-0.27761977941020277,-0.098656891091176743,0.43418772487795992
-0.25847313947855338,-0.14141273014706363,0.43418772487795992
-0.23279169760242846,-0.18059332658469268,0.43418772487795992
-0.20122474034463134,-0.21520810382692759,0.43418772487795992
-0.16947472646025485,-0.24100672432686965,0.43418772487795992
-0.13972693001782896,-0.25938833649055748,0.43418772487795992
-0.10801083249487584,-0.27411600490177479,0.43418772487795992
-0.074773211252184585,-0.28498226428776602,0.43418772487795992
-0.040482277004739074,-0.29183404415533415,0.43418772487795992
-0.0056210782452165821,-0.29457482505962235,0.43418772487795992
0.029319303348870267,-0.2931659982513028,0.43418772487795992
0.063846670669656158,-0.28762740954913601,0.43418772487795992
0.097474644646216163,-0.27803707977649283,0.43418772487795992
0.0,0.0,0.018922976299742933
0.0,0.0,0.52471411693820946
0.013932609192955794,0.01393551716789195,0.52434395989329818
-0.01393842453588378,0.013929700611201972,0.52434395989329818
-0.013926791422757157,-0.013941331296804665,0.52434395989329818
0.01394423745052799,-0.01392388162774807,0.52434395989329818
0.027845191058176458,0.027851002828001351,0.52323405039298931
-0.017613225214963737,0.035225095047688018,0.52323405039298931
-0.03874528481436687,0.0070594566536866955,0.52323405039298931
-0.028905079918756172,-0.026749380899041535,0.52323405039298931
0.0040413115691715776,-0.039175257808884548,0.52323405039298931
0.03375715329015766,-0.020285157759714061,0.52323405039298931
0.052780784893163492,0.026377640229997897,0.52138595431427126
0.018708413876777387,0.055960579055767484,0.52138595431427126
-0.018554075781585425,0.056011940065782258,0.52138595431427126
-0.048417001667420009,0.03372514058649196,0.52138595431427126
-0.058970709690285103,-0.0020116054945526398,0.52138595431427126
-0.046006268267108345,-0.036946101799465385,0.52138595431427126
-0.014694035232754931,-0.057146097737467219,0.52138595431427126
0.022478336137804825,-0.054555618982076046,0.52138595431427126
0.050686106753791205,-0.030207776154243467,0.52138595431427126
0.074525325215824889,0.024800720586863625,0.51880227897927822
0.04963661114592572,0.060871230266032153,0.51880227897927822
0.015271071022901601,0.077044754720653377,0.51880227897927822
-0.022665433907532569,0.075202246947384616,0.51880227897927822
-0.055301887079508026,0.055774556256392487,0.51880227897927822
-0.075006628242016024,0.023304625290189736,0.51880227897927822
-0.077171929677405604,-0.014614825008111123,0.51880227897927822
-0.061291460479899772,-0.049116766102757926,0.51880227897927822
-0.031078686230557498,-0.072133314788207961,0.51880227897927822
0.0064014823373250091,-0.078282315142291628,0.51880227897927822
0.042384737682319436,-0.066125893958063953,0.51880227897927822
0.068456808251348436,-0.038506690901585643,0.51880227897927822
0.07852103937502504,-0.0018831398296233759,0.51880227897927822
0.0,0.0,0.018922976299742933
0.0,0.0,0.52471411693820946
0.013932609192955794,0.01393551716789195,0.52434395989329818
-0.01393842453588378,0.013929700611201972,0.52434395989329818
-0.013926791422757157,-0.013941331296804665,0.52434395989329818
0.01394423745052799,-0.01392388162774807,0.52434395989329818
0.027845191058176458,0.027851002828001351,0.52323405039298931
-0.017613225214963737,0.035225095047688018,0.52323405039298931
-0.03874528481436687,0.0070594566536866955,0.52323405039298931
-0.028905079918756172,-0.026749380899041535,0.52323405039298931
0.0040413115691715776,-0.039175257808884548,0.52323405039298931
0.03375715329015766,-0.020285157759714061,0.52323405039298931
0.052780784893163492,0.026377640229997897,0.52138595431427126
0.018708413876777387,0.055960579055767484,0.52138595431427126
-0.018554075781585425,0.056011940065782258,0.52138595431427126
-0.048417001667420009,0.03372514058649196,0.52138595431427126
-0.058970709690285103,-0.0020116054945526398,0.52138595431427126
-0.046006268267108345,-0.036946101799465385,0.52138595431427126
-0.014694035232754931,-0.057146097737467219,0.52138595431427126
0.022478336137804825,-0.054555618982076046,0.52138595431427126
0.050686106753791205,-0.030207776154243467,0.52138595431427126
0.074525325215824889,0.024800720586863625,0.51880227897927822
0.04963661114592572,0.060871230266032153,0.51880227897927822
0.015271071022901601,0.077044754720653377,0.51880227897927822
-0.022665433907532569,0.075202246947384616,0.51880227897927822
-0.055301887079508026,0.055774556256392487,0.51880227897927822
-0.075006628242016024,0.023304625290189736,0.51880227897927822
-0.077171929677405604,-0.014614825008111123,0.51880227897927822
-0.061291460479899772,-0.049116766102757926,0.51880227897927822
-0.031078686230557498,-0.072133314788207961,0.51880227897927822
0.0064014823373250091,-0.078282315142291628,0.51880227897927822
0.042384737682319436,-0.066125893958063953,0.51880227897927822
0.068456808251348436,-0.038506690901585643,0.51880227897927822
0.07852103937502504,-0.0018831398296233759,0.51880227897927822
0.09506460581664572,0.02368794687422783,0.51548666947657773
0.075885379706184974,0.061966178299444931,0.51548666947657773
0.046394003333189444,0.086290176502951232,0.51548666947657773
0.0098389366680661106,0.097476117236132531,0.51548666947657773
-0.0282141512160487,0.093820892008914553,0.51548666947657773
-0.061971510951546155,0.075881024878245204,0.51548666947657773
-0.086293436604040638,0.046387939221902166,0.51548666947657773
-0.097476808421534486,0.0098320865609459445,0.51548666947657773
-0.09381890904262305,-0.028220744360177592,0.51548666947657773
-0.075876669675566846,-0.061976843297600955,0.51548666947657773
-0.046381874881527944,-0.086296696278969784,0.51548666947657773
-0.0098252364052699593,-0.097477499125547068,0.51548666947657773
0.028227337364938324,-0.093816925613006669,0.51548666947657773
0.061982175337583045,-0.075872314098171412,0.51548666947657773
0.086299955527722544,-0.046375810312096782,0.51548666947657773
0.097478189348166849,-0.0098183862010720723,0.51548666947657773
0.11500765442818149,0.022877495045912782,0.51144380351862428
0.099562711541173687,0.061946806432751772,0.51144380351862428
0.074324349532999615,0.09069747197769229,0.51144380351862428
0.041174845671532886,0.10979422771973592,0.51144380351862428
0.0036426590561417214,0.11720440005242332,0.51144380351862428
-0.034277255036144795,0.11213924444116281,0.51144380351862428
-0.068548671312624251,0.095137900007944171,0.51144380351862428
-0.095523713439631633,0.068010003141824038,0.51144380351862428
-0.11233113685053205,0.033643068387333788,0.51144380351862428
-0.1171819462614455,-0.0043048608604086625,0.51144380351862428
-0.10955981772747171,-0.041794577353658602,0.51144380351862428
-0.090276056566923987,-0.074835646368380623,0.51144380351862428
0.0,0.0,0.018922976299742933
0.0,0.0,0.52471411693820946
0.013932609192955794,0.01393551716789195,0.52434395989329818
-0.01393842453588378,0.013929700611201972,0.52434395989329818
-0.013926791422757157,-0.013941331296804665,0.52434395989329818
0.01394423745052799,-0.01392388162774807,0.52434395989329818
0.027845191058176458,0.027851002828001351,0.52323405039298931
-0.017613225214963737,0.035225095047688018,0.52323405039298931
-0.03859060226020402,0.007861198431945722,0.52323405039298931
-0.03051191778857653,-0.024900921598503874,0.52323405039298931
-3.4271012487464206e-05,-0.03938314168637886,0.52323405039298931
0.030468534297462418,-0.024953986482244589,0.52323405039298931
0.052408728895230447,0.024847445006300217,0.52149864249726485
0.021219670871833709,0.053979588326013822,0.52149864249726485
-0.014184431596902894,0.056239419342909817,0.52149864249726485
-0.04428189122343152,0.037459104333006345,0.52149864249726485
-0.057812724299230851,0.0046646861476415816,0.52149864249726485
-0.049714810569409608,-0.029874872347887872,0.52149864249726485
-0.023017720562585695,-0.05323772091156416,0.52149864249726485
0.012290699495282279,-0.056683411097706034,0.52149864249726485
0.043000954864153479,-0.03892285021071698,0.52149864249726485
0.057623804278189451,-0.0066005733284155745,0.52149864249726485
0.072876972734858089,0.023409245509327097,0.51910101000087805
0.04995986276118676,0.057991879114205169,0.51910101000087805
0.017824559797274861,0.074440116861451619,0.51910101000087805
-0.018275443681676676,0.074330707574669738,0.51910101000087805
-0.050310456956023042,0.057687987061340193,0.51910101000087805
-0.071154961355310381,0.028213780406699963,0.51910101000087805
-0.07617253285181963,-0.0075359915904717831,0.51910101000087805
0.0,0.0,0.017951737473924104
0.0,0.0,0.52471411693820946
0.013218651406477796,0.013221080239916231,0.5243809443587063
-0.013223508627073758,0.013216222126840435,0.5243809443587063
0.0,0.0,0.79827325716811282
0.049866417289560497,0.046680005497540908,0.78960828583736975
-0.039426650975974226,0.055778326251024579,0.78960828583736975
-0.065840679410988673,-0.018184812928552202,0.78960828583736975
-0.017692401180076246,-0.065974702932489693,0.78960828583736975
0.042499894490352581,-0.053473745472483271,0.78960828583736975
0.068287083734308585,-0.0015989626670296891,0.78960828583736975
0.087514071667077906,0.033459486405425898,0.78172842244095486
0.050842571153547358,0.078697413736169258,0.78172842244095486
0.0037397099968159812,0.093617650789821913,0.78172842244095486
-0.044403190789566019,0.082502161292724488,0.78172842244095486
-0.080197252189095847,0.048442240984329872,0.78172842244095486
-0.093687894196009938,0.00091019304687204629,0.78172842244095486
-0.084031111584130555,-0.041436967265965893,0.78172842244095486
-0.061118923726186894,-0.071012161865541573,0.78172842244095486
-0.028461542589301218,-0.089264721831766883,0.78172842244095486
0.008733929479816346,-0.093284341912814719,0.78172842244095486
0.044536807804208128,-0.082430108096959054,0.78172842244095486
0.073238451787113246,-0.058432689054090402,0.78172842244095486
0.09026248718984474,-0.025118387220688397,0.78172842244095486
0.10982158694406305,0.022376810299501268,0.77425990553267088
0.094500060799121502,0.060259780177616053,0.77425990553267088
0.06976050608149223,0.087721003125513522,0.77425990553267088
0.037433935834018106,0.10564186218572107,0.77425990553267088
0.0010361243001901,0.1120733199496063,0.77425990553267088
-0.035474374076064324,0.10631590371155071,0.77425990553267088
-0.068126749251317023,0.088995778745626142,0.77425990553267088
-0.093369793078488819,0.061996647801090411,0.77425990553267088
-0.10845812172516341,0.028254883293722964,0.77425990553267088
-0.11175075822325521,-0.0085598267867888229,0.77425990553267088
-0.1028896018987815,-0.044443586929978143,0.77425990553267088
-0.082838374697331837,-0.075493749910815269,0.77425990553267088
-0.053777808679423757,-0.098333361031399516,0.77425990553267088
-0.018868473887745787,-0.1104784290766289,0.77425990553267088
0.018092959038707331,-0.11060808031656605,0.77425990553267088
0.053086637301122265,-0.098708214137179895,0.77425990553267088
0.082306717230400755,-0.076073036595413493,0.77425990553267088
0.10257528036437209,-0.045164305112142804,0.77425990553267088
0.11168795761366293,-0.0093435925735713965,0.77425990553267088
0.12809631977492569,0.021415252990701596,0.76547815703304611
0.11570442164209915,0.058989550032214261,0.76547815703304611
0.094863890827051475,0.088702437495758998,0.76547815703304611
0.066615340381840762,0.11148845961061292,0.76547815703304611
0.033164728910919483,0.12556823227552816,0.76547815703304611
-0.0028757506400391149,0.12984225143916786,0.76547815703304611
-0.038691659840708131,0.12397675451191124,0.76547815703304611
-0.071486097192345471,0.10842978423266511,0.76547815703304611
-0.098698111066854818,0.08441541963628782,0.76547815703304611
-0.11820268707571448,0.053808967362480503,0.76547815703304611
-0.12847669264770134,0.019000517015172431,0.76547815703304611
-0.12871782003121324,-0.017291703413717684,0.76547815703304611
-0.11890723933876764,-0.052233596787592582,0.76547815703304611
-0.099811068992446128,-0.083096514410178082,0.76547815703304611
-0.072920548741674432,-0.10747033903244586,0.76547815703304611
-0.040335587204434434,-0.12345169340843097,0.76547815703304611
-0.0046007778252018985,-0.12979257699860536,0.76547815703304611
0.031493311066455983,-0.12599782362647069,0.76547815703304611
0.065128054631191978,-0.11236376951888116,0.76547815703304611
0.093676880857139905,-0.089955112102720391,0.76547815703304611
0.11491038229267507,-0.060521766678502044,0.76547815703304611
0.12717041278671551,-0.026362213719491778,0.76547815703304611
0.1455447529863127,0.02053753870029849,0.75542939078372418
0.13530974545728744,0.057413747500029297,0.75542939078372418
0.11762141053642775,0.088149131596029703,0.75542939078372418
0.093086822421310889,0.11375372129832224,0.75542939078372418
0.063134037462280343,0.1327371799136339,0.75542939078372418
0.029506482717109324,0.14399455925616761,0.75542939078372418
-0.0058385216882215008,0.14687061408671648,0.75542939078372418
-0.04084369002480065,0.14119794121328766,0.75542939078372418
-0.073471517008115342,0.12730672333478407,0.75542939078372418
-0.10182287250796701,0.10600551047912242,0.75542939078372418
-0.12424754201606879,0.078534157668356364,0.75542939078372418
-0.13944027877037429,0.046491658113615809,0.75542939078372418
-0.14651677674140043,0.011743072469488688,0.75542939078372418
-0.14506514240893392,-0.023689028591074725,0.75542939078372418
-0.13516986937103848,-0.057742289805041785,0.75542939078372418
-0.11740692032306668,-0.088434612443127225,0.75542939078372418
-0.092810202664228292,-0.11397952403452959,0.75542939078372418
-0.06281138904724938,-0.13289016150064728,0.75542939078372418
-0.029156585666678232,-0.14406581527196066,0.75542939078372418
0.006195301321747693,-0.14685599701491861,0.75542939078372418
0.041186585582575271,-0.14109830185286512,0.75542939078372418
0.073780569965606169,-0.12712786127856995,0.75542939078372418
0.10208009417767433,-0.10575783654363478,0.75542939078372418
0.12443796059422126,-0.078232087923460661,0.75542939078372418
0.13955281078336806,-0.046152774783045351,0.75542939078372418
0.14654487216870862,-0.011387100542714501,0.75542939078372418
0.16213295754507745,0.019701877790383023,0.74416648829140952
0.15355413745918395,0.055645186493955723,0.74416648829140952
0.13843993017430398,0.086658211636952892,0.74416648829140952
0.11714854932904678,0.11380455746972949,0.74416648829140952
0.090630013856935795,0.13587295720294268,0.74416648829140952
0.060067577722141614,0.15187872141078732,0.74416648829140952
0.02682493326541352,0.16110767475848936,0.74416648829140952
-0.0076146365893364184,0.1631480224225639,0.74416648829140952
-0.041714442246341472,0.15790872432787784,0.74416648829140952
-0.073952954348766198,0.14562355734519872,0.74416648829140952
-0.10289169424139702,0.12684068419444899,0.74416648829140952
-0.12723941872069916,0.10239819448798729,0.74416648829140952
-0.14590973515616831,0.073386709269716494,0.74416648829140952
-0.15806957620297238,0.041100717631128797,0.74416648829140952
-0.16317637116985098,0.0069808167588115005,0.74416648829140952
-0.16100225546016675,-0.027450567344233203,0.74416648829140952
-0.1516442378636681,-0.060657110329526281,0.74416648829140952
-0.13551987203558916,-0.091157140116606417,0.74416648829140952
-0.11334862530118536,-0.11758974892869085,0.74416648829140952
-0.086119776107476606,-0.13877551683917153,0.74416648829140952
-0.055048272534161377,-0.15376913735137415,0.74416648829140952
-0.021520521451805042,-0.16190159686434064,0.74416648829140952
0.012967472791250991,-0.16281002598178418,0.74416648829140952
0.046876859908673747,-0.15645389070228855,0.74416648829140952
0.07869460699668604,-0.14311680104173027,0.74416648829140952
0.10700100988601116,-0.12339385638740212,0.74416648829140952
0.13053304017655404,-0.098165092232662843,0.74416648829140952
0.14824070141750953,-0.068556213095720672,0.74416648829140952
0.15933387982670488,-0.03588836371514089,0.74416648829140952
0.16331759907553642,-0.0016191797254837309,0.74416648829140952
0.17780505476993611,0.018884878993684046,0.7317487204395996
0.17053956882185972,0.053735757391147256,0.7317487204395996
0.15755668572529768,0.084540918729369405,0.7317487204395996
0.13906661930231698,0.11239106526842116,0.7317487204395996
0.11571566510705583,0.1363127323663412,0.7317487204395996
0.088320024527656679,0.15546977012840854,0.7317487204395996
0.05783727555784858,0.16919256990894002,0.7317487204395996
0.025332901938274682,0.17700146958636198,0.7317487204395996
-0.0080569494033141831,0.17862351951145319,0.7317487204395996
-0.041165180849108259,0.17400202309745216,0.7317487204395996
-0.072834538428283441,0.16329851857345482,0.7317487204395996
-0.10195806208252461,0.14688713263156211,0.7317487204395996
-0.12751777797507022,0.12534150332849356,0.7317487204395996
-0.14862028040534062,0.099414729334158486,0.7317487204395996
-0.16452795961088929,0.070013046374398299,0.7317487204395996
-0.1746847839306063,0.038164150972653153,0.7317487204395996
-0.17873573514812449,0.0049812786918184979,0.7317487204395996
-0.17653921767898137,-0.028375707526673222,0.7317487204395996
-0.16817200785498773,-0.060740858821455725,0.7317487204395996
-0.15392657031018442,-0.090982894595027689,0.7317487204395996
-0.13430083527052877,-0.11804474491473291,0.7317487204395996
-0.10998079406848353,-0.14098049897915627,0.7317487204395996
-0.081816521233029557,-0.15898846816568582,0.7317487204395996
-0.050792461270892146,-0.17143920798461182,0.7317487204395996
-0.01799301872482224,-0.17789751946981797,0.7317487204395996
0.015435345737554325,-0.17813766097686426,0.7317487204395996
0.048324188323775316,-0.17215123868039511,0.7317487204395996
0.079523923507322139,-0.16014749996908365,0.7317487204395996
0.10726157458777008,-0.14306023477297353,0.7317487204395996
0.13085765301135302,-0.12185052648514244,0.7317487204395996
0.15033363315457091,-0.096804312398224096,0.7317487204395996
0.16507630707390725,-0.068710181190178424,0.7317487204395996
0.17462149660274173,-0.03845268625941136,0.7317487204395996
0.17866866816081753,-0.0069844952563322673,0.7317487204395996
0.19186439292002597,0.017089706890476019,0.71895777797030447
0.18627823000562879,0.049034930183926503,0.71895777797030447
0.1761303364042871,0.077987870533084439,0.71895777797030447
0.16151437724710141,0.10496241848706374,0.71895777797030447
0.14280112945421528,0.12927428506386307,0.71895777797030447
0.12046530975874993,0.15030672804934886,0.71895777797030447
0.095073532116485018,0.1675261974828659,0.71895777797030447
0.067269933871396639,0.1804958707259266,0.71895777797030447
0.037759835311764058,0.18888673375703477,0.71895777797030447
0.0072918471404090929,0.1924859275829103,0.71895777797030447
-0.023361120244133528,0.19120214803477398,0.71895777797030447
-0.05342146389991001,0.18506796196792977,0.71895777797030447
-0.082126614534047862,0.1742389811074101,0.71895777797030447
-0.10874838132239908,0.15898991449752584,0.71895777797030447
-0.13261142461790981,0.13970759969658381,0.71895777797030447
-0.15311038793297563,0.11688118950107494,0.71895777797030447
-0.16972525459251162,0.091089743142022339,0.71895777797030447
-0.18203453949093079,0.062987536739399858,0.71895777797030447
-0.18972598130520107,0.03328746565827715,0.71895777797030447
0.25403835149760129,0.25187087453861506,0.69839226096378937
0.25761585103738316,0.29253999531958108,0.67791603718481797
0.21582620408451739,0.27688579688471793,0.69876250196590128
0.21520294876246771,0.23399026972697054,0.71445921756017783
0.25242168736869597,0.20782256236510982,0.71035822185542674
0.28716714404848315,0.22089484395600206,0.69300521522738512
0.29514435643233999,0.25302196621461942,0.67851707607008027
0.27087206954375898,0.30484802390938892,0.66391764514164264
0.22878821016874867,0.30861266059601172,0.67786784543776224
0.2010868540412537,0.29008609387012868,0.69462563337798366
0.19000279166429107,0.25805864187373695,0.71020793559693551
0.19919870871024556,0.22311365262136865,0.7194656404116353
0.22563584985068616,0.19679856306378607,0.71933957496372336
0.26057816373722242,0.18780909307445437,0.70987139709435454
0.29247909748341516,0.19911577834800234,0.69418982967122089
0.31079711054265674,0.22698236833430119,0.67747678618126084
0.30947908613367653,0.26220045582579327,0.66525502740032949
0.28334833582288099,0.31489119082825745,0.64937131586560182
0.24347997327966309,0.32680745766293606,0.65957579971636338
0.20967949143075143,0.32029362415525353,0.67421981025678268
0.18380083279978782,0.29929191391154386,0.69120724205778317
0.17098783825399749,0.26797678809587855,0.70716154275731002
0.17378731695826161,0.23257268153040037,0.71891151306267531
0.19164282303293598,0.20011678624333942,0.72412163866816037
0.22100525900888024,0.1770602851549811,0.72175631500882065
0.25603832168784313,0.16798606543288583,0.71228569197444092
0.28977857057308654,0.17469778865435218,0.69759222330796911
0.31551953476280675,0.19586138118409607,0.68059649564744129
0.32814474259403914,0.22727020489205829,0.6646767103036415
0.32514471083097946,0.26268120084367791,0.65299720603216937
0.30711574881894027,0.29505580762344363,0.6478794907688592
0.29426491090708329,0.32390855840033705,0.6341510363790539
0.25691580799766822,0.33987046767062645,0.64198011008365463
0.22198506857565561,0.34108145883054991,0.65424933833229948
0.19035578427571231,0.32974284626752842,0.66984360836312673
0.16616437221899427,0.30733747197985273,0.68672353145852449
0.1525745388639661,0.27679546783299835,0.70268158365957334
0.15136353654521501,0.24211105853560622,0.71563080151434222
0.16268973782272492,0.20782020459485639,0.72387771115437127
0.18507192382231363,0.17840739810340833,0.7263437975583229
0.21558299519833582,0.15771918946685221,0.72270655067738243
0.25023277257057658,0.14846114292112766,0.71344164268071775
0.28448982452858707,0.15184400803227099,0.69976072046175597
0.31387407953816271,0.16742538019094622,0.68345294878195861
0.33454272110173777,0.19316755743851732,0.66665102673576404
0.34379274392763814,0.22570402721994456,0.65155227745451882
0.34041444777651308,0.2607797324372047,0.64013128640284245
0.32484963973787273,0.29380753965340389,0.63388166887973196
0.30397051186838819,0.33202383290332949,0.61813195758388961
0.2688940945800174,0.35014305295594539,0.62435632699166455
0.23452603205748829,0.35633353398821055,0.63462506059143475
0.20106784249019427,0.35210282772044094,0.64832116741276269
0.17157955025501337,0.33783786675353977,0.66419202675848532
0.14875810023268021,0.31484329813680823,0.68078611907216513
0.13469070019764984,0.28522216275240397,0.69658577924254783
0.13066392864036661,0.25168355507074885,0.71014599945860013
0.13704606666882713,0.21729485436130402,0.72022658696173014
0.15325341569693757,0.18520118783570239,0.72590558979064634
0.17780368144183364,0.15833778310732741,0.72666361680919977
0.20845154182811962,0.13916151768144391,0.72243134026280753
0.2423940000082653,0.12942621746493985,0.71359583636716284
0.27652674129024246,0.13002225508000431,0.70096518403066865
0.30772804804009335,0.14089511802445998,0.68569455944622093
0.33314430622550567,0.16105039428478257,0.66918058580482009
0.35045099169791594,0.18864471942682504,0.65293360071155881
0.35806526688860196,0.22115436731088339,0.63843952349079758
0.35529074421661316,0.25560606543490372,0.62702395574230851
0.34238117641394983,0.28884892495977782,0.61973094426115272
0.31259788810922695,0.33922799867896913,0.60132477225811565
0.27955125527142399,0.35849435611610103,0.60639710485657439
0.24638372445754536,0.36796354583153923,0.61504670207299794
0.21287556834417243,0.368833073667578,0.62692161602582708
0.18126512796650224,0.36104485526320196,0.64122860380727187
0.15366397716341121,0.34511914272618471,0.65701196025310526
0.13191586968405195,0.32211977185118312,0.67321735893944679
0.1174735766461254,0.29358309800908211,0.68876228106852555
0.11130184158967465,0.26141536778213748,0.7026083276018289
0.11381293571782045,0.22776538190807097,0.71383058419832635
0.12483911822706245,0.19488095563403871,0.72167940538774933
0.1436438413739646,0.16495876491257688,0.72563049080314324
0.16897095178103833,0.1399976086966398,0.72541990838602888
0.19912860134015997,0.12166488939580962,0.72106172501803134
0.23210226247467403,0.11118523058408902,0.7128470668547795
0.26568929835346544,0.10925867228378695,0.70132467213166638
0.29764609878193671,0.11601390837127412,0.68726423551184246
0.32583795310902619,0.13099968984060983,0.6716049925698484
0.34838164865704702,0.15321496818605662,0.65539297896155824
0.36377126911537327,0.18117576532894336,0.63971115536078027
0.37097878957951824,0.21301430318533165,0.62560706580883907
0.36952274849837974,0.24660377103058764,0.61402286189119926
0.35950040925135168,0.27970039621502918,0.60573236711820866
0.34158126296559083,0.31009332792292599,0.60128938560220624
0.3201920629181354,0.34548751537648514,0.58378972206154334
0.28899704608843896,0.36529198316627848,0.58799446800806399
0.25728564331007331,0.37693749178196678,0.59532952644491244
0.22458642854314251,0.38146498983645794,0.60559096564000137
0.1925467810400244,0.37864638297295128,0.61826181654223822
0.16278085119932448,0.36862367198567531,0.63270372446833512
0.13678824002359929,0.3519017988510873,0.6481891092714358
0.11587844955047322,0.32932320786209024,0.66393782066898643
0.10110491042782305,0.3020254034697335,0.67915644204248615
0.09321191030929174,0.27138364305900198,0.6930782625923273
0.092597096805898726,0.23894165178405496,0.70500190405934982
0.099291444086803501,0.20633385003428406,0.71432665600736822
0.11295769240747153,0.17520301169435593,0.72058273948290541
0.13290733918147135,0.14711750155699899,0.72345497437560691
0.15813532558943982,0.12349226144948669,0.72279865812292132
0.18737067122148093,0.10551752577539611,0.71864685579339493
0.21914050579084324,0.094098857766980043,0.71120873427578579
0.25184427201521642,0.089811527408577022,0.7008590244971854
0.28383436134079715,0.092871529461249741,0.68811914256128071
0.31349912009907088,0.10312470169420038,0.67363092091966259
0.33934404426437559,0.12005449154407194,0.65812427299399467
0.36006707223820889,0.14280797991954741,0.64238042029827225
0.3746241824263562,0.17023885107769079,0.62719253467066571
0.38228199081732195,0.20096514375910601,0.61332577845066072
0.3826546987076242,0.2334388740924177,0.60147875576858401
0.37572352915567397,0.26602402268145037,0.59224831702307679
0.36183767295996533,0.29707895690279607,0.58609948968920467
0.34169669650340262,0.32503913599653611,0.58334205033648068
0.32676100421628868,0.35076720652507964,0.56560953551421012
0.29729372263502146,0.37070806126457029,0.56913663518501456
0.26714111952455161,0.38377752232468665,0.57539114464157304
0.23568567031028254,0.39092555912691407,0.58425508619621636
0.20415201682991027,0.39187388014644331,0.59538336372264955
0.17376784561508854,0.38658556479796763,0.60834272464998951
0.14571609088557447,0.37526650084937596,0.62262862760375715
0.12108887986640131,0.35835736867946621,0.63768488550402003
0.10084501345576655,0.33651648445321669,0.65292531936416742
0.085772637630995782,0.31059417017409141,0.66775657975203451
0.076458558891107919,0.28159964845340579,0.68160124741498163
0.073265398365013418,0.2506617508688388,0.69392031370196239
0.076317474034887547,0.21898496963712294,0.70423416556171736
0.085495960716207256,0.18780256362274494,0.71214125811694362
0.10044351622892246,0.15832854438678942,0.71733374784292447
0.1205781936509764,0.13171041158299007,0.719609477710621
0.14511609801423189,0.10898447783402901,0.71887984768166491
0.17310190535914433,0.091035522405975705,0.71517326413656623
0.2034460559626011,0.078562344467470471,0.70863403394099156
0.23496717371055556,0.07205055703419358,0.69951674620696669
0.26643806011977705,0.071753680800593064,0.68817636048154285
0.29663347234271997,0.077683273924805701,0.67505438725533085
0.32437782503444768,0.089608482039724574,0.66066169881937564
0.34859095892479242,0.10706502600944276,0.64555863968808969
0.36833019420708957,0.12937327751451477,0.63033321094082118
0.38282703149650577,0.15566471873683974,0.61557817782195601
0.39151707149491111,0.18491575600033122,0.60186799185977691
0.39406198851250829,0.21598757091505408,0.58973642598556519
0.39036270236029791,0.24767045751691547,0.57965579337549367
0.38056323579760354,0.2787309192436086,0.57201855907943777
0.36504510735426843,0.307959692139958,0.56712206034346668
0.34441247782942758,0.33421882462531527,0.56515693050330063
0.33229700790556116,0.3550360605644628,0.54687913264461208
0.30447103908001427,0.37483033260221765,0.54986207325936931
0.27591341907086187,0.38878658383571174,0.55521659637679122
0.24592671425660617,0.39779299585275629,0.56287607441752507
0.21543033757336566,0.40157342588382172,0.57260566253155498
0.18535932884632234,0.40001196335133082,0.58410704487422438
0.15663568582738091,0.3931564837674657,0.59702758117463306
0.13014009511173896,0.3812171808381285,0.6109711189282041
0.10668492968285537,0.36456012177975616,0.62551013970417635
0.086989340999608034,0.34369602344739536,0.64019886715390706
0.071657209319331325,0.31926459340565005,0.65458693481945929
0.061158628314952473,0.2920149160560036,0.66823319467808784
0.055815491680563614,0.26278248519530728,0.68071924304317977
0.055791623649988908,0.23246358720294119,0.69166224910825025
0.060887279175796352,0.20276045985112148,0.70052096802435182
0.070564404850277443,0.17451671073911706,0.70718687341265751
0.084625176897348636,0.14773189817399285,0.71173208244622921
0.10268130180865398,0.12314569482854038,0.71403107746814543
0.12423415290383392,0.10143705795504988,0.71402037086622061
0.14868854009383753,0.083205479725431519,0.71170025830729378
0.17536914627908348,0.068954432029418394,0.70713481057227723
0.20353917648515288,0.059077462908974865,0.70045010421744469
0.23242070473311724,0.053847328581103984,0.69183073992291233
0.26121615675802579,0.053408461172330696,0.68151474467542872
0.28913033532220067,0.057772980171206967,0.66978699856361334
0.31539237988603064,0.066820357744077102,0.65697136770716569
0.33927705421169363,0.080300747156534874,0.64342176057216338
0.36012477403462706,0.09784188238496197,0.6295123546556658
0.37735982173106386,0.11895935838277975,0.6156272634334039
0.39050624497674136,0.14307000810799619,0.60214992892168295
0.39920100034934203,0.16950800690040019,0.58945253278188825
-0.19483034607899147,0.26461557260140811,0.64151974119013921
-0.21323676884399673,0.26596606847127557,0.63424505417968935
-0.19839988198114866,0.24589554857759433,0.64702977051761901
-0.17586827186385678,0.26259083516123138,0.64698613753112211
-0.1907820569084098,0.28260437567462682,0.63420157010830802
-0.23091205099646792,0.26656586334459709,0.62525849827845947
-0.21282721555227624,0.22959887680668273,0.64599911497993157
-0.17904227792219859,0.23112326931271049,0.65563085769670315
-0.15695803628474667,0.25812634810694834,0.65119957595508837
-0.16414589328858437,0.28912302087621988,0.63623103428030126
-0.19488680584095447,0.29945067855569374,0.62263500422568985
-0.24115240601592236,0.28342817217090438,0.60961288070946629
-0.24706713599505528,0.24195257828019043,0.62492452040952218
-0.22800006901653661,0.21544802286211709,0.64164787384324851
-0.19499732033402911,0.20690379698980046,0.65519519220462352
-0.16097986870208952,0.21966506933486857,0.66026253507303256
-0.13926596145971665,0.24873564608213369,0.65486597589209528
-0.13835685820974541,0.28273404176359263,0.6411183334211038
-0.15860848396592486,0.30834946967734916,0.62440197741361336
-0.19209208016762269,0.31555317727777193,0.61126156519208763
-0.24871360591052213,0.29704553004992029,0.59396747618426504
-0.26441402806331649,0.25907008707980661,0.60486343846867707
-0.26003090746214114,0.22593536439512693,0.61986208605819293
-0.240014124309406,0.2001939630153276,0.63655908190565058
-0.20886728719222411,0.18763748269016897,0.65119774176744161
-0.17359817363568608,0.19109102634377256,0.6604844897600517
-0.14214203884344248,0.20977757557434723,0.66232988535316473
-0.1215762497273877,0.23949281328777361,0.65631872999183072
-0.11652793661895877,0.27355105983647032,0.64380348329442105
-0.12813292769254686,0.30428949495364721,0.6275999709641078
-0.15378019713778143,0.3247922281442216,0.61135384758561473
-0.18769932410191048,0.33044631613195391,0.59872035487267738
-0.22225878905967236,0.31997963646742023,0.59254192289175944
-0.25506576840243711,0.3084061455407775,0.57754734207854008
-0.27500088093919117,0.27408443543643413,0.58565012327685118
-0.27954137013395919,0.24068892727944896,0.59804622883914926
-0.27104197075896352,0.20942067089838398,0.61352511101632912
-0.25071587749748458,0.18474286195251738,0.62987733161964998
-0.22146441398295813,0.170177983065293,0.64476879311815716
-0.18746290113492964,0.16780500862642891,0.65607390508843655
-0.15356467655888545,0.17796265433167877,0.66217898859494129
-0.12460833460883169,0.19920102928633918,0.66221261090174621
-0.10472707088496555,0.22848859179673373,0.65616997279868883
-0.096758714554092087,0.26164486821335031,0.64491359363521661
-0.10184065981415172,0.29393716902587508,0.63005019628098158
-0.11924751552887622,0.32075612762754557,0.61370136531508812
-0.14649464674066415,0.33827363610730393,0.59820071443546641
-0.17969282866287592,0.34398926505663452,0.58576078907089868
-0.21410339024057967,0.33708717204397309,0.57815725014127262
-0.26035600067721765,0.31796219202233855,0.56022165948077784
-0.28214245368352403,0.28679223386329145,0.56646214420808927
-0.29199002108492222,0.25499679424096117,0.57658648346049701
-0.29152762655399994,0.22288684339715967,0.58997170134839849
-0.28079997573022175,0.19356686416992286,0.60532367632615525
-0.26084424889570229,0.16987159687901349,0.62115813508920037
-0.23358982338831619,0.15409196844005166,0.63594415640633717
-0.20167173582521045,0.14775359893005457,0.64825218500838511
-0.16817591914800206,0.15146930022969551,0.65689224512269395
-0.13634084570833788,0.16487982759979328,0.6610289907696032
-0.10924442240248861,0.18668861250083182,0.66026246942571509
-0.089506409738166204,0.21478711858614899,0.65466679058962929
-0.07903513581812624,0.24645870108912243,0.64478296066145802
-0.078842993664558936,0.27864125988969224,0.6315665768806783
-0.088948560136118265,0.30822329220274181,0.61629543742355986
-0.10837479986354448,0.33234472165889806,0.60044600018293792
-0.13524352785257407,0.34867341875289315,0.58555063455250567
-0.16695699783671289,0.3556306778634577,0.57304946752563324
-0.2004490598931768,0.35254385107488528,0.56415114805600908
-0.23248160467790249,0.33971138172132276,0.55971599138407657
-0.26455733183003916,0.32586210341036548,0.54205795560716252
-0.28697409117842432,0.29743127187933743,0.54697717411390279
-0.2999672656600525,0.2677982119813706,0.55525424509235954
-0.30488210222621204,0.23675990533820307,0.5665643568628761
-0.30138182343327957,0.20644317782186083,0.58013251101443775
-0.28970627753012046,0.17892541081716618,0.5950289821719803
-0.27065550342937095,0.15609219362120305,0.61023302520839395
-0.24553490995070043,0.13950811793777351,0.62470281936776584
-0.21606582579754982,0.1303095679656889,0.63744685654577671
-0.18426754961666508,0.12912685238417801,0.6475918820157478
-0.15231898237854166,0.13604101395523568,0.65444273212426363
-0.12240932338961663,0.15057827626181211,0.65752996872111569
-0.096588060635573167,0.17174250810585234,0.65664204628796341
-0.076624534509398545,0.19808348102080536,0.65183980759000293
-0.063886697984498975,0.22779624271549354,0.64345231457071872
-0.059247380902600344,0.25884479712131314,0.63205430016770092
-0.063024481392352227,0.28910161616276459,0.61842678611002633
-0.074959182658908177,0.31649342354026166,0.60350356526862936
-0.094233687786978035,0.33914326103949916,0.58830721572885214
-0.11952725732230739,0.3554991026126525,0.57387903106811577
-0.14910670979007923,0.36444020325850568,0.56120766819917023
-0.1809451838182454,0.3653538953983595,0.55116140201514452
-0.21286102397478063,0.35817757045938015,0.54442862892513044
-0.24266727349839176,0.34340296897760136,0.54147069613350185
-0.26762540482115404,0.33214288887448778,0.52319395565494164
-0.28995583217194842,0.30616091486574082,0.52712928278315885
-0.30473435005543414,0.27883198821018218,0.53391372843980223
-0.31317392279974865,0.24966915071634838,0.54337977550534244
-0.31485114252593172,0.22013548298580643,0.55505251855131965
-0.30968186421049382,0.19171266993206404,0.56834634364626169
-0.29792542718655091,0.16582666561153592,0.58259430822598413
-0.28017164425804941,0.14377615403538724,0.59708160116853004
-0.25731121117476397,0.12666739503682231,0.61108140440354064
-0.23049102100547261,0.11535872393430874,0.62389135690242148
-0.20105662525816323,0.11041748940655755,0.63486879167462096
-0.17048472843547011,0.11209158997808213,0.64346297795282004
-0.14106004970335512,0.12000975926262669,0.64913318450750557
-0.11410251015468337,0.13332649760916004,0.65182730334124306
-0.090051009972369464,0.1515687456792944,0.65160716854988898
-0.29839101341802299,-0.064902054949572255,0.59615751817563822
-0.30694063981979192,-0.081071112626428049,0.58860172717891723
-0.28263820701659942,-0.075695691823983974,0.60135088017496496
-0.28873379031229041,-0.048403169040806146,0.60127115885611893
-0.3129981070194866,-0.053949251840293082,0.58852250436288789
-0.31412885060847351,-0.096677788857265828,0.5787843920800565
-0.27332792676604667,-0.095246327371972833,0.59936206397330227
-0.26102828844985759,-0.06410413989563131,0.60890869104947953
-0.27642953181888213,-0.03318162867759511,0.60456645260476294
-0.30733156364567177,-0.026974057551277429,0.58977505234177041
-0.32925534284431912,-0.050398753296242702,0.57625149633911199
-0.33257526284057531,-0.098645973043759133,0.56189673587000477
-0.29787063722688467,-0.12065837877212593,0.57687079518963824
-0.26657727204134812,-0.1145022477308234,0.59320406988504049
-0.24546818517148486,-0.088815469242225234,0.60656611982907083
-0.2426650106445126,-0.05348092528548698,0.61181595146914924
-0.2592462582871633,-0.022093435774158145,0.60693371375496374
-0.28883236152232783,-0.0067292077187884256,0.59379782749139998
-0.32004018927243516,-0.01329956443457872,0.57746227068866418
-0.34086265864785664,-0.039276588299942863,0.56421208138750911
-0.34328841051910014,-0.074665726625252685,0.55914521521996996
-0.34632179156985443,-0.099240142905638179,0.54472935438900261
-0.31926427915905142,-0.12816219677122045,0.55512361703045121
-0.28867410335088867,-0.1377739401556414,0.56938832292355179
-0.25815341645701195,-0.13113097562355963,0.58538785400512938
-0.23432439148327278,-0.10967464886146452,0.59965073981964967
-0.22235728971787697,-0.07806040908590646,0.60908231550079162
-0.22484865227225614,-0.043147701039075163,0.61163618130350772
-0.24125792008518196,-0.012511648884879593,0.60675821663286789
-0.26802472078579703,0.007200543193930424,0.59550680939730039
-0.29934137430225521,0.011711856573090242,0.5803232141312229
-0.32841300415384717,4.3456871044587897e-05,0.56450186503437727
-0.34893184396857979,-0.025272925161943578,0.55147557183577067
-0.35644585413132324,-0.058744311524179429,0.5440706918675976
-0.3567849298293066,-0.099415357172626423,0.52665942041415714
-0.33521960619654256,-0.12992147582731595,0.53413225913281726
-0.30875369311767487,-0.14711044904989598,0.54550776096456643
-0.27895011920621715,-0.15283023327596781,0.55980246096073083
-0.24981349637607719,-0.14631227919917106,0.57509562551800331
-0.2252588204349141,-0.1284323836829219,0.58933236050961424
-0.20858542548635772,-0.10159301170731014,0.60059972090648983
-0.20203366284715435,-0.06940048475225799,0.60738374714734833
-0.20648387213026428,-0.036180410792365954,0.60877289109406663
-0.22133809279687877,-0.0063964660416312366,0.60458049787043122
-0.24460041022178999,0.015949375094248826,0.59536988608719121
-0.27314514042556448,0.027854572654634403,0.58237865650293741
-0.30313681833972028,0.027719462917000622,0.56735239952652394
-0.33054555711075695,0.015562200149242401,0.55231014575770221
-0.3516885312441963,-0.0069836827218540745,0.539273075234598
-0.36372482621207758,-0.036888766760714398,0.52999293786795654
-0.36503716314808476,-0.070134800458837687,0.52571667634899844
-0.36438493520190951,-0.099135292400451824,0.50771887930183435
-0.34683818185484638,-0.12913116394847043,0.51323587725905451
-0.32462064555353987,-0.14963440916699169,0.52212414967570875
-0.29827290874289236,-0.16225311766335263,0.53393805382226689
-0.27012417234795139,-0.16587176639609219,0.54763321322478964
-0.24266284982605477,-0.16017045844061722,0.56199894408989204
-0.21831658565690518,-0.1456532026178487,0.57576528255462622
-0.199640709190442,-0.12423974195377832,0.58744422829246479
-0.13817408248393082,-0.24419420788833096,0.54775750974538695
-0.13167820681607401,-0.26078797933760711,0.53962231325562882
-0.11975099593787704,-0.23926098663400402,0.5522278882195778
-0.14400680039824462,-0.22598748820684483,0.55202668222982332
-0.15554684820314288,-0.24772634807209504,0.53942431884887865
-0.12453558380086198,-0.27492973552913724,0.52810184415526906
-0.099227061699009245,-0.24438816190420465,0.54810167438040558
-0.11366818545558255,-0.21547944302677988,0.55734655481041862
-0.14577495113122735,-0.20639769720682641,0.55329619836155242
-0.17048250142788982,-0.22423279034033525,0.53911260544900608
-0.16850234031247044,-0.25506136219834369,0.52586851182941596
-0.1345109478812824,-0.28691049857944317,0.50891232373262074
-0.097427379016611484,-0.2767936919521306,0.5227769509603728
-0.081706672112440829,-0.25193090814828611,0.53782657036804293
-0.084986064111281956,-0.22160109646340559,0.55052057681348388
-0.1060747710470137,-0.19681735123405925,0.5562496343751554
-0.13731524722391802,-0.18657892794722974,0.55293345808321115
-0.16736372582833117,-0.19460351277542298,0.54177618869260624
-0.18530926771631576,-0.21797728908690711,0.52682915568780664
-0.18463564562650153,-0.24821297690135213,0.5135197941694315
-0.16558745928470936,-0.27433165931379222,0.50668088237838382
-0.14176698957679157,-0.29280158523128696,0.48933756672722989
-0.10687775869887042,-0.29269045331713139,0.49818806197124504
0.030233993295752753,-0.27310910356010082,0.53643734603797677
0.045093840561172605,-0.28251638685173097,0.52807969803199006
0.042109925578483601,-0.25825044693721405,0.54060206399381694
0.014871916804764743,-0.26179549745599445,0.54033237398122991
0.01844244768347704,-0.28598508880172285,0.52781581624311347
0.058783784146979594,-0.28913480854192736,0.51591658803386498
0.061340095214036473,-0.25020247097700193,0.53559360790981803
0.033300478133607953,-0.23548124446962326,0.54466876012566678
0.0025143336333688579,-0.24654148433340067,0.54077293869681031
-0.0071769051715162083,-0.27481790988020255,0.52692314908244109
0.011731859402359025,-0.29841266675529565,0.51384495754330084
0.057136275739646608,-0.30330473907099675,0.49598195599195188
0.080542307073282679,-0.27464252161818081,0.50925518309433526
0.079260203159823767,-0.24657098427900606,0.52361912620211881
0.060367532462870313,-0.22448960071845678,0.5359259273552055
0.030508096553843404,-0.21616351611647763,0.54184777360689373
0.00018227255762085295,-0.22452068358513622,0.53930218693892085
0.17028386371704413,-0.21289841886630348,0.53222772203747182
0.18775926172627666,-0.21283179190046955,0.5237738325904473
0.1722799503658593,-0.19401283567950414,0.53625421024695175
0.1512773637385636,-0.21157190302081785,0.53595002452328244
0.16726857363186071,-0.2299628900125516,0.52347706082147005
0.20254335730659712,-0.21093872389859433,0.5113357373538755
0.18401137800207518,-0.17697276538723758,0.53085181190347086
0.15276408581610831,-0.17949077800153793,0.53984200264651339
0.13281060967044137,-0.20500190566601009,0.53602122509887307
0.13954168241876702,-0.2338286271400454,0.52233656307190335
0.16776541961288363,-0.24373600120258601,0.50934341933916538
0.20815406149256047,-0.22339442286727867,0.49111124192799382
0.2126121232209604,-0.18736787289590659,0.50409602130749676
0.19705490541371684,-0.16473914642464499,0.51812528535073454
0.17005720363549753,-0.15605773235311826,0.53023576369063141
0.25236098835173937,-0.096873142410480534,0.52772636696397512
0.26724608798552474,-0.087987874199976654,0.5191601484021553
0.24446131506953683,-0.07965132947808172,0.53158623795729743
0.2353320477194987,-0.10533374330905831,0.5312374488638717
0.25837307091185319,-0.1129494059065054,0.51882114950307456
0.27860231055804441,-0.07892106220728104,0.50640394205161876
0.24578788687385247,-0.059213172769393724,0.52571365672797021
0.22041851544271004,-0.076922303539872894,0.534594585926361
0.21605310325402835,-0.10859478170626867,0.53086812297791797
0.23604163745993165,-0.12992536635491517,0.51739392980242926
0.26504505501542625,-0.12454511420354147,0.50451200914697991
0.28887600157128079,-0.086777196997219558,0.48587040863891207
0.27498701961114358,-0.054204970580244941,0.49849136442191611
0.32143726815286394,0.080768974696079701,0.48842072289365313
0.32732321848440926,0.09626341759116365,0.47855458203987888
0.30560899358376542,0.090381517596907213,0.49381772673151803
0.31289363347191801,0.064193981889306889,0.49335416258365816
0.33438661314751544,0.070871235850265432,0.47810509701683385
0.32960788316607131,0.10963894514343228,0.46484560773857764
0.29423723483264425,0.10753043446857349,0.48847226049415526
0.28491485468003852,0.078987335667900324,0.49932756819343516
0.29890429298762244,0.05064441399298044,0.49480790306553091
0.32550377736250707,0.044183704851199594,0.47837076114619737
0.3443649834982116,0.06454758242598109,0.46259038221137749
0.33954814226499325,0.10821249906476268,0.44284843377626903
0.25662352267641059,0.20973772250165654,0.48842072289365313
0.25536531933691942,0.22626464285273612,0.47855458203987888
0.23821042505835058,0.21171081473538839,0.49381772673151803
0.25593536755580465,0.19110306332484259,0.49335416258365816
0.27255192926721916,0.20628277915503959,0.47810509701683385
0.25174800140473319,0.23934284766022465,0.46484560773857764
0.22062785582772057,0.22239985146538063,0.48847226049415526
0.22432189808439609,0.19260103751816818,0.49932756819343516
0.24903196482019699,0.17289220205930339,0.49480790306553091
0.27585511624544778,0.1783503958303681,0.47837076114619737
0.28427192512500254,0.20480015830679266,0.46259038221137749
0.26135192200145985,0.24227682253074101,0.44284843377626903
0.1604329897804761,0.28822054228706151,0.48611264146367816
0.15315233287790311,0.30300081372598392,0.47619005255881475
0.14263900400192145,0.28319169428705587,0.49140479766144496
0.16666581996193713,0.27066657989894477,0.49090141914924473
0.17638422373143306,0.29089009165291302,0.47570332828070355
0.14494576884438382,0.31350031827676306,0.46232165377025614
0.12246250429497758,0.28647275156649227,0.48576674923476515
0.13673757364041236,0.26038113587938605,0.49652546464756403
0.16667687540047146,0.25120345854698817,0.4920860479948127
0.18946055201850492,0.26593498255521142,0.47583224070315855
0.18772279252112839,0.29334728039581986,0.46015276079018741
0.050580409592172533,0.32255889115373043,0.48115697978875532
0.038713590726446846,0.33362682290282802,0.47110623610721081
0.035803785396346301,0.31157642179446543,0.48619431002359809
0.062472861172820096,0.3083010353875279,0.48558655043373339
0.064308414968509975,0.33048337165940839,0.47052295755588819
0.027630368427280838,0.33988258511120306,0.45688078573306751
0.016157143601643952,0.30740980973730125,0.4798560376626293
0.037989263174806324,0.28831204937153493,0.49036378267974434
0.068509110981241961,0.28984774230897731,0.48612596030690974
-0.058308539420038434,0.32125181762526711,0.48115697978875532
-0.073155087478293968,0.32780166601653044,0.47110623610721081
-0.068651626421978085,0.30602080298007095,0.48619431002359809
-0.042388756403586129,0.3116978988294557,0.48558655043373339
-0.047950106704049478,0.333250083940279,0.47052295755588819
-0.085679108469583432,0.33006468955821194,0.45688078573306751
-0.085835300261860509,0.29562500848379553,0.4798560376626293
-0.058937060158460168,0.28476910799673677,0.49036378267974434
-0.030619754469970187,0.29625604237761999,0.48612596030690974
-0.15714726810723237,0.28411384624377761,0.47847142344154825
-0.17315756115317849,0.2854504698368065,0.4683478871688101
-0.16192784429949397,0.26639551697369268,0.48335086314901377
-0.1390483021789623,0.28019239562056464,0.48267281488355629
-0.15131204280698052,0.29862380888409612,0.46770048278699922
-0.18532078098797455,0.28330803429882273,0.45392339114078195
-0.17455746862543856,0.25109359898935535,0.47658721539992543
-0.1460840206733216,0.24942817759615724,0.48692784097233488
-0.23015897068616553,0.2232604944402958,0.47253967671814157
-0.24536954745852602,0.2196997478996893,0.46225205302791106
-0.2292128115566959,0.20512198700608297,0.47700902721086791
-0.21187155666052995,0.22486590818875646,0.47612700132254332
-0.22906478117884882,0.23826357285096389,0.46142274591906185
-0.25506025476086841,0.21376769253089767,0.44739355459318153
-0.27825497353901968,0.15473775878327872,0.46919862897442266
-0.29164181724983196,0.14732788131763741,0.458822285196966
-0.27242764103146344,0.13770129293417829,0.47339188618097577
-0.26117804435839309,0.16107858714077203,0.47235374613265446
-0.28119379756206087,0.16903945349355304,0.45785811661575015
-0.30445220141985824,0.084189289921369467,0.46550289657689742
-0.31521644935280396,0.07393880440216237,0.45504153518280444
-0.29460138715253914,0.069404642031546032,0.46934440854537318
-0.28962371930281194,0.094379498781512944,0.46808307692918133
-0.31555584724065044,0.01426487851674897,0.46550289657689742
-0.32376664961356466,0.0018743897719759525,0.45504153518280444
-0.3026595397043913,0.0020456474899820266,0.46934440854537318
-0.30336947532133074,0.027501818418135707,0.46808307692918133
-0.30880584942397538,-0.051260587383283915,0.4613078636405924
-0.31367684554572361,-0.064630002900997907,0.45078869375708713
-0.29371521532145239,-0.059863854260650266,0.46468089950787961
-0.29177855244984768,-0.10368845091996322,0.45633155579017803
-0.29346902985085638,-0.11678355701997337,0.44586513634381936
-0.2716554225510931,-0.14862486306973405,0.45633155579017803
-0.27124894462931981,-0.16182237394538612,0.44586513634381936
-0.24466421194153215,-0.18980369311196024,0.45633155579017803
-0.24217105540394518,-0.20276994500265447,0.44586513634381936
-0.21148732118290575,-0.22618384447786849,0.45633155579017803
-0.20697051882363826,-0.23859102038784735,0.44586513634381936
-0.039982310675109579,0.008144699993678629,0.54210365045745834
-0.031612281355202144,-0.025798933552136399,0.54210365045745834
-3.5506941798557715e-05,-0.040803431769461426,0.54210365045745834
0.031567333307794133,-0.025853912136128275,0.54210365045745834
0.054298765970220909,0.025743528412073641,0.54030565784860896
0.021984924399486253,0.055926275936637661,0.54030565784860896
-0.014695970460198098,0.058267604148660924,0.54030565784860896
-0.045878846881911482,0.03881000708294427,0.54030565784860896
-0.059897647834586669,0.0048329106008593243,0.54030565784860896
-0.051507695784011008,-0.030952261888492705,0.54030565784860896
-0.023847817879619013,-0.055157654259155968,0.54030565784860896
0.012733943935919041,-0.058727607756735106,0.54030565784860896
0.044551715599368297,-0.040326540617130376,0.54030565784860896
0.05970191471482101,-0.006838612459870907,0.54030565784860896
0.075505164322127935,0.024253462548031287,0.53782155856690028
0.051761585391568506,0.060083263581730155,0.53782155856690028
0.018467374068339922,0.077124680744235855,0.53782155856690028
-0.018934518359662478,0.077011325786327717,0.53782155856690028
-0.052124823205902636,0.05976841214750224,0.53782155856690028
-0.073721051353407813,0.029231265320346769,0.53782155856690028
-0.078919573549442248,-0.0078077650870448751,0.53782155856690028
0.0,0.0,0.036874713773667037
0.0,0.0,0.5436370932379524
0.0136953609502174,0.013697877375653282,0.54329190532167415
-0.013700393338713849,0.01369284406249114,0.54329190532167415
0.0,0.0,0.86906282592797057
0.013484036426901455,0.01366110473943472,0.86641075069511908
-0.013835848041987234,0.013304673239987864,0.86641075069511908
-0.013123045704863527,-0.014008236594656521,0.86641075069511908
0.014178241058299592,-0.012939184733071818,0.86641075069511908
0.025957692907494147,0.026298561526865188,0.85865327775228073
-0.016638865039241977,0.032993398274018045,0.85865327775228073
-0.036246762306389201,0.0071825052569565867,0.85865327775228073
-0.027963198095085937,-0.024155241910547447,0.85865327775228073
0.0018377214013786298,-0.036905811730850752,0.85865327775228073
0.030224535680902453,-0.021257789215624944,0.85865327775228073
0.046677011144244336,0.022780770531973291,0.84637165807517301
0.018569820008647899,0.048506377521278093,0.84637165807517301
-0.011768264977237682,0.050588682675237286,0.84637165807517301
0.061813606928350161,0.057863782242128056,0.85307265809557853
0.061471140331049293,0.076162423748489749,0.84698124258419372
0.042537234376244071,0.0578728812995081,0.85376856449770111
0.061690991581540032,0.038581458664391735,0.85356242355082201
0.080043169765524114,0.057456909985727257,0.84678136244098978
0.060123523785141117,0.091907365166934568,0.83592044895182704
0.025884743200490695,0.068862465621344127,0.84642691411549698
0.029583702466294555,0.037518109348968681,0.85125412825214519
0.056389235198648753,0.020287992137931442,0.84924429195798068
0.085795392276188251,0.030352971478082982,0.84193490874774124
0.095306774450269416,0.060013444592731488,0.83491757949406376
0.074525147919230955,0.10017555403834977,0.81834349139984641
-0.047607484151032289,0.067352050382999712,0.84457250296375574
-0.065479652374319519,0.069355136868199899,0.83817631665642678
-0.050018824831585845,0.048419928445376813,0.84488578687336113
-0.02869446308463134,0.064776446556440034,0.84461552408900242
-0.045014252839591443,0.085052801450715809,0.83791694027147767
-0.080405703355187028,0.069822955567330897,0.82628808871997772
-0.062683873390494804,0.033829455346359297,0.8365048844092231
-0.032195596602690113,0.033189258906169805,0.84117754194193184
-0.011986687991252552,0.056423441847752907,0.8392930374549602
-0.076024051364374456,-0.020997401067235338,0.83057863842660706
-0.083288639867934042,-0.036471890982396477,0.82353958348144418
-0.059316049003026512,-0.028891150227755395,0.83001849552923446
-0.067936491204784663,-0.0044043394424666572,0.82955684815304731
-0.091294842442010832,-0.013729859546917928,0.8231108302545167
-0.020139973613537848,-0.075101664420635428,0.82625382981884032
-0.010603614294185108,-0.088759946691655198,0.81898122743066037
-0.005300678573581066,-0.064644867616125423,0.82534152917457693
-0.030395460623418309,-0.060167266481606044,0.82478063141125635
0.047591722626676117,-0.059880328947959909,0.82134473126913332
0.063595973087360508,-0.06010174711594652,0.81379915304556472
0.047567819519476577,-0.042238075651298806,0.81997683624416251
0.076468423911159197,-0.0017905312154824582,0.82134473126913332
0.086886903457613782,0.010360203032024503,0.81379915304556472
0.062902482030927478,0.009488426787997226,0.81997683624416251
0.096075074172902369,0.036732637128547949,0.8068706660999192
0.099672079402655309,0.05071211150527298,0.79818036672828774
0.055816209915367426,0.086395932881298931,0.8068706660999192
0.050459691569377518,0.09980010617477196,0.79818036672828774
0.0041055444968446488,0.10277573163023798,0.8068706660999192
-0.0073247742598565816,0.11159117056386947,0.79818036672828774
-0.048746901696563857,0.090572877191418683,0.8068706660999192
-0.063072168895072528,0.092347946250276244,0.79818036672828774
-0.088042491975937678,0.053181069135672908,0.8068706660999192
-0.10127875014242074,0.047422109140796066,0.79818036672828774
-0.10285284654822907,0.00099923204147737846,0.8068706660999192
-0.11131899927329927,-0.010692149763432088,0.79818036672828774
0.11468120689137977,-0.1529561769439042,0.74606997796362517
0.13990950287640511,-0.13027932408573345,0.74606997796362517
0.16073269997005882,-0.10350058183263236,0.74606997796362517
0.1764951726390768,-0.073463088108660771,0.74606997796362517
0.18670063400192455,-0.041112583750450307,0.74606997796362517
0.19102776159221371,-0.0074676355311926387,0.74606997796362517
0.2051362775916146,0.018271857551522296,0.73239424436289713
0.19916370160271074,0.052426835937651933,0.73239424436289713
0.18831384516456118,0.083382545426874219,0.73239424436289713
0.17268685253031091,0.11222301067829951,0.73239424436289713
0.15267914846673172,0.138216608213343,0.73239424436289713
0.12879828740881213,0.16070393375111916,0.73239424436289713
0.10165007784426119,0.17911452994322577,0.73239424436289713
0.07192321419412287,0.19298135770719771,0.73239424436289713
0.040371806047182393,0.20195264405056884,0.73239424436289713
0.0077962479456731614,0.20580080583053278,0.73239424436289713
-0.024977084983398568,0.20442822307171571,0.73239424436289713
-0.057116800471102624,0.19786971538482417,0.73239424436289713
-0.087807579824039042,0.18629165866450406,0.73239424436289713
-0.11627086088813292,0.16998776447397479,0.73239424436289713
-0.14178458857437976,0.14937162918479843,0.73239424436289713
-0.16370153191619333,0.12496624188483307,0.73239424436289713
-0.18146570299216211,0.097390717217235273,0.73239424436289713
-0.19462646119980362,0.067344589711189243,0.73239424436289713
-0.20284994508380685,0.035590068024992844,0.73239424436289713
0.25403835149760129,0.25187087453861506,0.74474044031025521
0.2667976451664355,0.2650173523436119,0.7409660119745628
0.24051643351343516,0.26423158599201907,0.7409660119745628
0.24208726427908467,0.23798559571893568,0.7409660119745628
0.26827458721314429,0.24034008765062143,0.7409660119745628
0.27747877505209645,0.27602260393658345,0.7302575122479914
0.26229074924300494,0.29586343517541863,0.71018480023103825
0.26381385746837294,0.31214966866504446,0.70343501878297432
0.24479055638980696,0.29686758550816661,0.70776493623660752
0.21493631729012855,0.28148384426464063,0.72511022971523287
0.20152928524390204,0.28879771494059581,0.71799375298247969
0.21076885623784353,0.23549783786735887,0.74080694530950941
0.19776881068535179,0.22748285014520472,0.73369046857675624
0.2489135702425016,0.20471981318998406,0.73670594960475833
0.2494263627143149,0.18945618791831306,0.72958947287200515
0.04969047931922093,0.21012074680807855,0.71388273740283137
0.058303313084586458,0.17992113298670878,0.72054864279113706
0.071638387883065452,0.15103121055924118,0.72509385182470876
0.089327450608757575,0.12424878559905068,0.72739284684662497
0.11088201114161161,0.10031346484432055,0.72738214024470016
0.13570683218581231,0.07988623117980026,0.72506202768577332
0.16311636697157403,0.063531190345846866,0.72049657995075678
0.19235369088702353,0.051699992946243688,0.71381187359592424
0.22261140423603717,0.044719361946910785,0.70519250930139188
0.25305392888451356,0.04278207009831976,0.69487651405390827
0.28284058306480864,0.045941616443487703,0.68314876794209289
0.31114879711893129,0.054110748921782956,0.67033313708564524
0.33719682906901793,0.067063873867395207,0.65678352995064293
0.36026535271606552,0.084443285863262968,0.64287412403414534
0.37971732210345677,0.10576904591069908,0.62898903281188345
0.39501556378064584,0.13045223512534537,0.6155116983001625
0.40573761105002715,0.15781121795365724,0.6028143021603678
-0.1541362105471788,0.12410549558918194,0.66218377811739249
-0.12774900620760327,0.13456511940287003,0.66487789695112998
-0.10365090428646329,0.14989425676750953,0.6646577621597759
-0.20885898326843452,-0.11394110639893519,0.6003686455238979
